{
  "overall_accuracy": 0.948125,
  "weighted_precision": 0.9513573436367555,
  "weighted_recall": 0.948125,
  "weighted_f1": 0.9468980441008167,
  "confusion_matrix": [
    [
      328,
      30,
      39,
      3
    ],
    [
      1,
      390,
      3,
      6
    ],
    [
      0,
      0,
      400,
      0
    ],
    [
      1,
      0,
      0,
      399
    ]
  ],
  "per_class": {
    "glioma": {
      "precision": 0.9939393939393939,
      "recall": 0.82,
      "f1": 0.8986301369863013
    },
    "meningioma": {
      "precision": 0.9285714285714286,
      "recall": 0.975,
      "f1": 0.951219512195122
    },
    "notumor": {
      "precision": 0.9049773755656109,
      "recall": 1.0,
      "f1": 0.9501187648456058
    },
    "pituitary": {
      "precision": 0.9779411764705882,
      "recall": 0.9975,
      "f1": 0.9876237623762375
    }
  }
}